user,user_idx,time_bin,timestamp,sentiment,text,type,post_id,parent_id
WillyNilly1997,0,0,1766366667.0,-0.9790952205657959,Israel warns US about possible Iranian surprise attack | The Jerusalem Post,post,1psmqih,
WillyNilly1997,0,0,1766503742.0,-0.9063186645507812,"Israel, United States face narrowing window to strike Iran | The Jerusalem Post",post,1ptwq9x,
WillyNilly1997,0,0,1766529692.0,-0.9872045516967773,UN spends $100 million in funding to target Israel | The Jerusalem Post,post,1pu7c4g,
WillyNilly1997,0,0,1766530859.0,-0.9961756467819214,Iran IRGC admits intelligence failures against Israel after strikes,post,1pu7rvs,
WillyNilly1997,0,0,1766789109.0,0.9962323307991028,Israel recognizes Somaliland as two nations establish full diplomatic relations | The Jerusalem Post,post,1pwhc5j,
WillyNilly1997,0,0,1766789137.0,-0.9682029485702515,Two murdered in combined terror attack in northern Israel | The Jerusalem Post,post,1pwhcj3,
WillyNilly1997,0,0,1766797213.0,0.9995176792144775,"A look at Israel's winter wonderland in the Galilee, where Christmas comes to life | The Jerusalem Post",post,1pwkd5f,
WillyNilly1997,0,0,1766878862.0,0.9984826445579529,Somaliland official hails historic recognition by Israel | The Jerusalem Post,post,1pxc4jy,
WillyNilly1997,0,0,1766966950.0,0.997327446937561,Taiwan welcomes Israel's decision to formally recognize Somaliland - Focus Taiwan,post,1py6wu9,
WillyNilly1997,0,1,1767050761.0,-0.8661862015724182,"Houthis prepare for ‘next round’ with Israel, threaten regional escalation over Somaliland",post,1pz1on8,
WillyNilly1997,0,1,1767056248.0,0.9472736120223999,Israel Just Recognized Somaliland Independence. The US Should Follow.,post,1pz3u6p,
WillyNilly1997,0,1,1767056272.0,0.9983752965927124,Taiwan welcomes Israel's recognition of Somaliland | Taiwan News,post,1pz3uih,
WillyNilly1997,0,1,1767278125.0,-0.9672823548316956,Israel fears Iran may launch strike as protests continue | The Jerusalem Post,post,1q15kaf,
WillyNilly1997,0,1,1767367038.0,-0.995396077632904,Why Israel is right to block MSF from Gaza | The Jerusalem Post,post,1q217d4,
WillyNilly1997,0,1,1767461755.0,0.7081472873687744,"Israel backs US move, urges democracy return in Venezuela | The Jerusalem Post",post,1q30npf,
WillyNilly1997,0,1,1767546951.0,0.6346474885940552,MarÃ­a Corina Machado interview: Venezuela Nobel winner promises Israel alliance,post,1q3vhia,
WillyNilly1997,0,2,1767676496.0,-0.8933653831481934,Israel appoints ambassador to Bolivia following diplomatic rapprochement - i24NEWS,post,1q59r4d,
WillyNilly1997,0,2,1767692324.0,-0.9808624982833862,"Benny Gantz urges Israel, US to topple Ali Khamenei | The Jerusalem Post",post,1q5e7zm,
WillyNilly1997,0,2,1767702586.0,0.9953049421310425,"With Somaliland recognition, Israel shapes global reality instead of just reacting to it | The Jerusalem Post",post,1q5hah2,
WillyNilly1997,0,2,1767714932.0,0.9861467480659485,"Israel, Syria agree on intelligence sharing, civilian cooperation | The Jerusalem Post",post,1q5mcq9,
WillyNilly1997,0,2,1767891719.0,-0.994804322719574,Israel: Lebanese efforts to disarm Hezbollah insufficient | The Jerusalem Post,post,1q7h8gz,
WillyNilly1997,0,2,1768126161.0,-0.988372266292572,Iran warns US attack would trigger strikes on Israel | The Jerusalem Post,post,1q9vsr3,
WillyNilly1997,0,2,1768158488.0,-0.9995015859603882,I wish that they would commit the folly so that what may not be justified could be justified.,comment,1q9vsr3,t1_nz04qa1
WillyNilly1997,0,2,1768170570.0,-0.9613286852836609,"As Trump signals next phase of Gaza plan, Israel faces decisions on Rafah and Hamas",post,1qad6yw,
WillyNilly1997,0,3,1768212871.0,0.8629610538482666,"Israel, Germany sign cyber defense cooperation agreement | The Jerusalem Post",post,1qar7py,
WillyNilly1997,0,3,1768221176.0,-0.94466233253479,Iran protests intensify as exiled son of last Shah promises international support; Israel on alert,post,1qatorz,
WillyNilly1997,0,3,1768669735.0,-0.9995667338371277,"Loss of values: Wikipedia as global arena for knowledge poisoning, especially about Israel",post,1qfipjk,
WillyNilly1997,0,4,1768788666.0,-0.9904195666313171,UN watchdog slams human rights experts for ignoring Iran’s abuses while targeting Israel,post,1qgrfvw,
WillyNilly1997,0,4,1768792615.0,-0.9250659346580505,Iran’s ayatollah blames Trump for deadly protests as Israel stays on high alert,post,1qgsusw,
WillyNilly1997,0,4,1769361942.0,-0.7128254771232605,"Witkoff says US, Israel aligned on next steps ‘critical’ to Middle East",post,1qmpaly,
WillyNilly1997,0,5,1769885474.0,0.5625883340835571,"Trump gives Iran talks time for now, Israel likely to join if US strikes",post,1qsapug,
WillyNilly1997,0,6,1770237884.0,-0.9849753975868225,Mamdani NYC health department staffers launch 'working group' accusing Israel of genocide,post,1qw0de1,
WillyNilly1997,0,7,1770811914.0,0.9587687253952026,Venezuela sends first oil shipment to Israel in years,post,1r1vq9t,
WillyNilly1997,0,7,1771177188.0,0.9681196808815002,"Israel’s 'war between the wars' with Hamas continues, despite cease-fire",post,1r5kqd1,
WillyNilly1997,0,8,1771416976.0,-0.611617386341095,"Org. trains Gazans to edit Israel, Palestine on Wikipedia",post,1r81fdu,
WillyNilly1997,0,9,1771976823.0,0.9139746427536011,Twelve US F-22 fighter jets land in Israel,post,1rdwzms,
WillyNilly1997,0,9,1772041590.0,-0.9698643684387207,US sends deadliest fighter jets to Israel as Iran war looms,post,1rek7ur,
WillyNilly1997,0,9,1772044830.0,0.9998629093170166,Thank you for pointing it out. I appreciate it a lot. ,comment,1rek7ur,t1_o7dea4d
WillyNilly1997,0,9,1772103068.0,0.5851221680641174,"Iranians know what they have to do’ to avoid escalation, US ambassador to Israel says",post,1rf72kx,
WillyNilly1997,0,9,1772278999.0,0.987866997718811,Well said. The bots are out in full action as they have always been. It would be much better if the mods can boost the autofilter to curb the brigading.,comment,1rgvqgp,t1_o7uy331
WillyNilly1997,0,9,1772290467.0,-0.9836463928222656,"US, Israel carry out Operation Epic Fury in Iran targeting supreme leader, president — Saudis claim they will aid attack",post,1rh4mok,
WillyNilly1997,0,9,1772295084.0,-0.976348340511322,"Khamenei killed in opening strike on Iran, Israel officials believe",post,1rh6ijz,
WillyNilly1997,0,9,1772296034.0,0.999833345413208,I agree.,comment,1rh6ijz,t1_o7wg1el
WillyNilly1997,0,9,1772350388.0,-0.9879953265190125,"Israel bombards Iranian ballistic missile, air defense sites in new round of strikes",post,1rhr52t,
WillyNilly1997,0,10,1772457759.0,-0.9987090826034546,Pull out of Kuwait and relocate to another friendly country when Kuwait is not capable of ensuring the safety of foreign troops defending her. ,comment,1riqd3o,t3_1riqd3o
WillyNilly1997,0,10,1772623415.0,-0.9258818626403809,"Arab countries already joined Israel, US against Iran",post,1rkixyz,
WillyNilly1997,0,10,1772730797.0,-0.9964478015899658,Israel says it has destroyed over 300 Iranian ballistic missile launchers,post,1rln9tp,
WillyNilly1997,0,10,1772755362.0,0.9569907784461975,"Israel can topple Iranian regime, war may last a few weeks, Energy Minister Eli Cohen tells 'Post'",post,1rly9vt,
WillyNilly1997,0,10,1772868776.0,-0.9161849617958069,Israel supporting Iranian Kurdish push to seize Iran border,post,1rn3t3a,
WillyNilly1997,0,10,1772888517.0,0.9968808889389038,"US, Israel's war on Iran is changing modern warfare",post,1rn9fk1,
WillyNilly1997,0,10,1772967732.0,-0.9723035097122192,Israel says it struck more than 400 targets in Iran in past 24 hours,post,1ro23qv,
WillyNilly1997,0,11,1773130034.0,-0.9088796973228455,"Canada conservative leader backs US-Israel strikes, regime change in Iran",post,1rpr0yn,
WillyNilly1997,0,11,1773143797.0,-0.9819183349609375,Israel’s Knesset speaker says only ‘unconditional surrender' was offered to Iran,post,1rpux8k,
WillyNilly1997,0,11,1773174120.0,0.9097480773925781,"Israel creating chance to topple Iranian regime, war could reshape Western world - interview",post,1rq891j,
WillyNilly1997,0,11,1773226785.0,0.9387736320495605,"Israel begins wide-scale strikes across Iran and in Beirut, IDF says",post,1rqqmgo,
WillyNilly1997,0,11,1773248959.0,-0.9974633455276489,What if a regime change happens in Iran before the midterm elections?,comment,1rqtdby,t1_o9vvhqt
WillyNilly1997,0,11,1773249567.0,-0.969792902469635,Why do you assume that a regime change could not happen without the presence of foreign troops in the country of concern?,comment,1rqtdby,t1_o9vxkla
WillyNilly1997,0,11,1773341175.0,-0.9957350492477417,Israel says anyone serving Iran’s regime not immune from attacks,post,1rrzcik,
WillyNilly1997,0,11,1773494364.0,-0.9227544069290161,Israel says war against Iran entering 'decisive stretch' while strikes continue to hammer Hezbollah,post,1rtj8y8,
WillyNilly1997,0,11,1773586505.0,-0.9938293099403381,Israel says Hezbollah commander killed was brother of US synagogue attacker,post,1rug3j6,
WillyNilly1997,0,11,1773592966.0,-0.9997561573982239,They will not. They will memory-hole it because they do not have journalistic ethics. ,comment,1rug3j6,t1_oalheix
WillyNilly1997,0,12,1773770469.0,-0.9872351288795471,"Israel has ‘won’ war with Iran, foreign minister says, but goals remain unmet",post,1rwe4g3,
WillyNilly1997,0,12,1773805188.0,-0.9814392924308777,"Israel has dropped 10,000 munitions on thousands of targets, including more than 2,200 sites linked to the IRGC, Basij and internal security forces, according to detailed target lists and battle-damage reports seen by The Wall Street Journal.",post,1rwt37b,
WillyNilly1997,0,12,1773838465.0,-0.954504668712616,Israel struck Iran gas facility with US approval - Axios,post,1rx3374,
WillyNilly1997,0,12,1773866888.0,-0.9683225154876709,Israel attacked Iranian navy targets in Caspian Sea - Israeli media,post,1rxfuka,
WillyNilly1997,0,12,1773963728.0,-0.9907543659210205,"PM Netanyahu: Iran at its weakest thanks to US, Israel cooperation, regime change possible",post,1rygej6,
WillyNilly1997,0,12,1774003340.0,-0.9962456822395325,Israel says it killed IRGC spokesperson in airstrike,post,1rysuyz,
WillyNilly1997,0,12,1774121057.0,-0.9965897798538208,Israel says it hit Tehran research site linked to 'nuclear weapons' work,post,1s00a43,
WillyNilly1997,0,12,1774186331.0,-0.99533611536026,"Israeli Defense Minister Israel Katz said Israel would send Iran “back decades” if it continues targeting cities, accusing Tehran of deliberately firing on civilian population centers.",post,1s0lqau,
WillyNilly1997,0,12,1774217452.0,0.9066655039787292,"Mayor Zohran Mamdani’s wife was deeply involved in a democratic socialist activist campaign pushing political candidates critical of Israel and backing a controversial bill targeting pro-Israel charities, The Post has learned.",post,1s0yxt6,
WillyNilly1997,0,13,1774392377.0,-0.9330368638038635,Chicago man charged over synagogue threat tied to Israel-Iran posts,post,1s2t3lb,
WillyNilly1997,0,13,1774399220.0,-0.9519307613372803,Israel announces territorial seizure in Lebanon up to Litani River,post,1s2vy1p,
WillyNilly1997,0,13,1774440179.0,-0.9951527118682861,Israel’s military said on Wednesday it struck an underwater research center in Isfahan used by Iran’s navy in an attack carried out on Tuesday.,post,1s38r9o,
WillyNilly1997,0,13,1774536496.0,-0.9800398349761963,"Benjamin Netanyahu aide: Israel doubts US-Iran diplomacy, warns Iran can’t be trusted",post,1s49j9l,
WillyNilly1997,0,13,1774613547.0,0.5306417942047119,"Israel’s military said it carried out a wide-scale wave of overnight strikes in Tehran targeting missile infrastructure, military facilities and operatives.",post,1s52bvw,
WillyNilly1997,0,13,1774651261.0,0.9970313310623169,"President Trump said on Friday the US “saved the Middle East—not just Israel,” citing rocket attacks on Saudi Arabia and vowing never to let Iran obtain nuclear weapons.",post,1s5j3vn,
WillyNilly1997,0,13,1774719316.0,-0.9825165271759033,Iranian-backed Houthi rebels claim responsibility for missile attack on Israel,post,1s66oe0,
WillyNilly1997,0,14,1774905639.0,-0.7773140668869019,"Israel to keep control of southern Lebanon, keep attacking Hezbollah post-war",post,1s83qe0,
Ask4MD,1,0,1766435922.0,-0.9966789484024048,Glenn Greenwald's AntiIsrael Stance Sounds Increasingly Like Candace Owens' Brainrot,post,1ptab0i,
Ask4MD,1,0,1766529830.0,-0.9953448176383972,Something VERY Fishy Is Going on With the So-Called MAGA ‘Split’ Over Israel,post,1pu7dvo,
Ask4MD,1,0,1766604967.0,-0.8292164206504822,"Victor Davis Hanson: My Response to Tucker Carlson’s Israel, Qatar Claims",post,1puvgu2,
Ask4MD,1,0,1766855932.0,-0.9952753782272339,"If That Figure Is Correct, That Is a Massive Infiltration of Hezbollah by Israel",post,1px340b,
Ask4MD,1,0,1766877763.0,0.9878405928611755,I learned from Tucker Carlson that the Ayatollahs are peaceful.  /s,comment,1pxa727,t3_1pxa727
Ask4MD,1,0,1766946549.0,0.964769721031189,Israel deploys Iron Beam laser defense system nationwide,post,1pxyj9q,
Ask4MD,1,1,1767050135.0,0.8851541876792908,"Trump Stands Firm With Israel, Says He Could Support Military Action Against Iran at Mar-A-Lago",post,1pz1fli,
Ask4MD,1,1,1767479855.0,-0.9653522372245789,"Mamdani, who has vowed to arrest Netanyahu, slams capture of Maduro to face US federal charges",post,1q38eyk,
Ask4MD,1,3,1768246545.0,-0.9964157342910767,Iranian protesters are showing courage in the face of tyranny — but Israel-obsessed liberals don't seem to care,post,1qb4s2r,
Ask4MD,1,3,1768257925.0,0.9771076440811157,The Third-Worldist Logic — Today’s condemnation of Israel—and America—comes from an intellectual lineage that sees the West as a permanent oppressor and any movement opposed to it as righteous.,post,1qb9w6c,
Ask4MD,1,6,1770226712.0,-0.9963435530662537,AntiIsrael Group That Stormed University of Minnesota Building Now Leads Illegal AntiICE Agitation,post,1qvv4qw,
Ask4MD,1,6,1770363639.0,-0.9886478781700134,"PEN America, Advocate for 'Free Expression,' Withdraws Defense of Comedian Who Refused To Condemn Israel",post,1qxbe9m,
Ask4MD,1,8,1771445219.0,0.8549860119819641,Tucker Carlson visits Israel for sit-down with Huckabee: ‘He wouldn’t leave the airport',post,1r8dqpj,
Ask4MD,1,8,1771461541.0,-0.9988237023353577,Tucker Carlson made the whole story up about being detained in Israel — He has no credibility left.,post,1r8knra,
Ask4MD,1,8,1771520157.0,-0.9976606369018555,Tucker Carlson Caught in Humiliating Lie During Visit to Israel,post,1r94ir8,
Ask4MD,1,8,1771792928.0,-0.9279824495315552,US ambassador causes uproar by claiming Israel has a right to much of the Middle East,post,1rbx0x3,
Ask4MD,1,9,1771956218.0,-0.9954230189323425,"Tucker trashed President Trump in Saudi Arabia as “self interested and unwise”, and then went on to bash Israel during the interview in addition to attacking possible US strikes on Iran.",post,1rdnldd,
Ask4MD,1,9,1771960049.0,-0.9871947169303894,Marxist-Leninist Group That Organized AntiIsrael Encampments Now Teaches High School Students To Walk Out of Class To Protest ICE,post,1rdperu,
Ask4MD,1,9,1772201531.0,-0.9932019114494324,"NEW: US Evacuates Embassies in Israel, Iraq; UPDATE: China Urges Citizens to Leave Iran",post,1rg7qzx,
Ask4MD,1,9,1772286781.0,-0.5168736577033997,Iran launches heavy missile barrage across Israel | The Jerusalem Post,post,1rh374j,
Ask4MD,1,9,1772307200.0,-0.9988995790481567,"USS Lincoln Doin' Some Iranian Sinkin', Israel Cracks Prayer App to Send Msgs",post,1rhbp2h,
Ask4MD,1,9,1772404293.0,-0.8175707459449768,Isn’t It Nice Having an Ally Like Israel That Can Actually Do Stuff?,post,1riba36,
Ask4MD,1,10,1772599295.0,0.9804468154907227,Britain Walks a Mile in Israel’s Shoes,post,1rkc4lp,
Ask4MD,1,10,1772679434.0,-0.9076509475708008,Don’t blame Israel for America defending itself against Iran,post,1rl61cn,
Ask4MD,1,10,1772731143.0,-0.9726731777191162,How Israel killed Ayatollah Khamenei with a missile from space,post,1rlnfgg,
Ask4MD,1,10,1772736014.0,0.5525174140930176,"Newsom Looks Small in the Face of a Big War — He’s quick to blame Israel and Trump at every turn, but spares few harsh words for the mullahs who want Americans dead.",post,1rlpqd4,
Ask4MD,1,10,1772833529.0,-0.9872341752052307,The Iran War has exposed the antiimperialism of fools,post,1rmr6l9,
Ask4MD,1,11,1773210715.0,-0.9833821654319763,"Here is your answer

https://x.com/angertab/status/2031005762395504647",comment,1rqeowl,t1_o9t1ipr
Ask4MD,1,11,1773255494.0,0.9437711834907532,Zionism For Everyone — The real reason we're all fighting about Israel,post,1rr2tua,
Ask4MD,1,11,1773356582.0,-0.9972261786460876,Here's What We Know About the Temple Israel Shooter So Far,post,1rs6bjl,
Ask4MD,1,11,1773468703.0,0.9960059523582458,Israel's Mossad Account Posted Something Interesting About Iran's New Leader,post,1rtbt9l,
Ask4MD,1,12,1773747357.0,-0.9963066577911377,"Iran Security Chief Killed In Airstrike, Says Israel",post,1rw41eg,
Ask4MD,1,12,1773778740.0,0.965225875377655,Israel Once Again Decapitates the Serpent,post,1rwi4zc,
Ask4MD,1,12,1773790705.0,0.9826115369796753,Israel’s intelligence is next level…,post,1rwnisn,
Ask4MD,1,12,1773824619.0,-0.9390922784805298,Hot Takes: Mamdani Hears About It After Disgustingly Making St. Patrick's Day About Israel-Hamas War,post,1rwyq6y,
Ask4MD,1,12,1773960304.0,-0.9996147155761719,Tucker Carlson Loses On ‘Wheel Of Fortune’ After Guessing ‘Israel' On Every Puzzle,post,1ryezun,
Ask4MD,1,12,1774020319.0,0.8409562110900879,Greg Gutfeld Shuts DOWN Grifters Claiming Israel FORCED Trump Into Iran War annnd It's a Beautiful Thing,post,1ryz9lt,
Ask4MD,1,13,1774309866.0,-0.991978645324707,The fantasy factory: Why people post lies about Israel,post,1s1xwcn,
Ask4MD,1,13,1774531605.0,-0.989107072353363,Israel Derangement Syndrome Needs to End,post,1s47fxk,
Ask4MD,1,13,1774566715.0,-0.9854028224945068,"If Saudi Arabia Were Israel, This Would Be the Headline",post,1s4n4uo,
Ask4MD,1,13,1774573217.0,0.9979321956634521,Coleman Hughes: The Myth of the All-Powerful Israel Lobby,post,1s4pqby,
Ask4MD,1,13,1774605461.0,-0.619882345199585,The ‘Israel Killed Charlie Kirk’ Lie Shields the Left | You’re letting the real culprits off the hook.,post,1s4zr0p,
Ask4MD,1,13,1774759285.0,0.999816358089447,"Julian Simon’s Theory of Effort Explains Israel’s Miraculous Success — When survival is the only option, effort becomes extraordinary",post,1s6lukm,
forwarddownforward,2,0,1766951643.0,0.9926953315734863,"Always remember it is the radical Islamic jihadists so desperate to trick young Americans into turning against Israel. 

We give Israel 3% of the US foreign aid budget so they can invent new weapons, which they then share with the US. 

And to test US weapons in actual war so the success of those weapons increases demand and the prices the US can charge other countries. 

Israel is very lucky to have America as a friend, but America benefits as well. 

If someone tells you we should cut funding to Israel, they are just doing the bidding of Islamists who want to take over the world and kill us all. ",comment,1pxyj9q,t3_1pxyj9q
forwarddownforward,2,1,1766973204.0,-0.9963352680206299,"Considering everything we ask from Israel, the amount we give them isn't high.

You start cutting that amount, without cutting what you ask in return, and you risk the relationship falling apart.

Cuts would not benefit America. They would only benefit those that aim to destroy America.",comment,1pxyj9q,t1_nwgt69l
forwarddownforward,2,1,1767075308.0,-0.9941383600234985,"Israel receives 3% of the US foreign aid budget. I've never seen you complain about the other 97%. Unlike the other 97%, for which the US receives very little in return, we receive a lot in return for the aid we give Israel.

Further, the aid is given in the form of credit that can only be used to buy US weapons, or, for research to invent new weapons that are then shared exclusively with the US.

This aid is 2% of Israel's budget. Had nothing to do with healthcare or education, as you already know. You just want to poison the discussion.

Further, as a condition of us giving Israel free weapons, we also get to dictate which weapons they're allowed to make or sell. We do this so that we can price gouge Europe and not have to compete with Israel. This part of the arrangement is crucial, because this is where we actually make a PROFIT on our partnership with Israel.

I guess the Iran funded internet propaganda that convinced you Israel was ripping us off must have left that part out.",comment,1pz2p09,t1_nwolghv
forwarddownforward,2,3,1768527905.0,-0.9983715415000916,"If you support the Jews, they call you a nazi.

Seems odd until you remember these are the same people that insist men are women.",comment,1qds8gg,t1_nzsk0lj
forwarddownforward,2,9,1771871009.0,0.9899182915687561,We actually make a profit on the defense partnership with Israel. It's one of the few wise uses of your tax dollars. ,comment,1rbx0x3,t1_o6u9ufr
forwarddownforward,2,9,1771873034.0,-0.9934056997299194,"Yes, Genesis would give them the right to much more land than they're claiming. Huckabee's point is that they are not doing that and don't want to. They just want to be left alone.",comment,1rbx0x3,t1_o6zz5f8
forwarddownforward,2,9,1772066675.0,0.9976828098297119,"China is one of the ones flooding the internet with anti-Israel propaganda to try to convince you we shouldn't support Israel.

The US/Israel defense partnership is so effective and successful that America's enemies are absolutely desperate to convince Americans that they shouldn't support it.",comment,1rek7ur,t1_o7ez6b2
forwarddownforward,2,9,1772079502.0,-0.9159383177757263,"Nothing you wrote had anything to do with anything I wrote.

It's indisputable that the US/Israel defense partnership is incredibly effective and successful, which is why America's enemies want it to end so badly.

You say ""The Israel thing is done,"" but Israel is stronger than ever and their enemies are weaker than ever. The last 2 1/2 years has completely changed the balance of power in the region, which is why Iran is about to fall.",comment,1rek7ur,t1_o7gfyqd
forwarddownforward,2,10,1772735219.0,0.9852279424667358,"Israel didn't force anything. 

The US and Israel are a team when it comes to combating radical Islamic terrorism. 
",comment,1rl61cn,t1_o8q34ip
forwarddownforward,2,10,1772748694.0,-0.9936906099319458,"No, it's not a crock of shit. 

The US and Israel have been very successful teammates, which is why America's enemies flood the internet with propaganda to
convince you to oppose the team. 
",comment,1rl61cn,t1_o8utvyz
forwarddownforward,2,10,1772760018.0,-0.999347984790802,"If you think it's a ""crock of shit"" that the US &amp; Israel are a team fighting terrorism, then yes, you've been manipulated by propaganda.",comment,1rl61cn,t1_o8vmz3n
forwarddownforward,2,11,1773390077.0,-0.9966897964477539,"But if ""anti-zionism"" isn't Jew hatred, why did he attack Jews?",comment,1rscc0h,t1_oa6lrxg
forwarddownforward,2,11,1773419601.0,-0.9981676340103149,"But the ""anti-zionists"" claim it has nothing to do with being anti-Jew.

So what would attacking random Jews have to do with Israel?",comment,1rscc0h,t1_oa7hs8c
forwarddownforward,2,11,1773421189.0,-0.9971534013748169,"So ""anti-zionism"" has nothing to do with being against Jews, yet we continue to see Jews attacked around the world on a regular basis.

Is it possible that the ""anti-zionists"" are liars and their movement is simply Jew hatred?",comment,1rscc0h,t1_oa963q0
forwarddownforward,2,12,1773794629.0,-0.996505618095398,"The headline is propaganda.

He didn't say Iran posed no threat. He said Iran posed no imminent threat.

Well no shit. The war is to prevent them from re-building their nuclear facilities. Why should we wait until they're an imminent threat?",comment,1rwb0ag,t3_1rwb0ag
forwarddownforward,2,12,1773989717.0,-0.990591824054718,"&gt; Can you give a few examples of his lies?

Tucker lied and said Israel's president visited Epstein's island.

Tucker lied and said he was detained in Israel.

Tucker lied and said Israel bombed Al-Ahli Hospital.

Tucker lied and said the Israeli government is persecuting Christians and stated the Christian population in Israel was declining because of this. He made it up. The Christian population in Israel is growing.

Tucker has insinuated Charlie Kirk was assassinated by the Jews, even though we know who killed Charlie. Tucker is a pathological liar.

Tucker lied and said Israel won't send accused sex offenders back to the US. While most European countries won't send accused sex offenders back to the US, Israel actually will as long as the prison sentence is served in Israel if the accused is convicted. Sometimes the US doesn't want accused sex offenders returning to America and Tucker lied and said it was Israel refusing to send them back.

Those are a few recent ones off the top of my head, but Tucker lies about the Jews and lies about Israel nonstop.


&gt; going to war for Israeli interests and not American interests (admitted by said administration btw)?

No, the administration did not admit that. Tucker lied to you. 

We're attacking Iran because doing so is in the best interest of America. Trump is America first. Tucker is radical Islam first.",comment,1ryezun,t1_obfyxxp
forwarddownforward,2,12,1774033721.0,0.9845643043518066,"Because that ""hotzone"" is where the oil is and is where the radical suicidal genocidal Islamists are, if we didn't have Israel, we'd have to spend wayyyy more money and lose wayyyy more American lives protecting our interests. 

There is no bigger threat America could ever face than suicidal radical Islamists with nukes. Every penny spent to prevent that is worth it. 
",comment,1ryezun,t1_obj9zrw
Lordlolipops,3,8,1771794890.0,-0.9959617257118225,He was talking about his biblical opinion not tha they should actually do it,comment,1rbx0x3,t3_1rbx0x3
Lordlolipops,3,9,1771857555.0,-0.9493350982666016,Mfw when you become interested in something else. You know people have opinions that don’t align with you doesn’t mean they are a foreign agent. Maybe your the foreign ageny,comment,1rbx0x3,t1_o6yh3uh
Lordlolipops,3,9,1772219676.0,-0.8605915904045105,Amen,comment,1rg7qzx,t1_o7qn3t5
Lordlolipops,3,9,1772330197.0,-0.9921118021011353,"They thought that America was conspiring against them yes but I still wouldn’t call it a misunderstanding because they held them for 444 days, plus once they had them the ayatollah used it to consolidate power over moderates and blackmail America

Maybe the students starting it was a misunderstanding but the government def knew what they were doing esp the ayatollah",comment,1rhjic5,t1_o7zbp35
Lordlolipops,3,10,1772664048.0,-0.9636725783348083,We genz are not with newsom unless you are un/mis informed,comment,1rkt7hm,t1_o8nryth
Lordlolipops,3,12,1773966035.0,-0.9900140762329102,Yea I loved when they both falsely hint at Israel being behind Charlie Kirk’s assassination and trumps butler assassination attempt. 2 awful grifters,comment,1ryezun,t1_obe91c8
Lordlolipops,3,12,1774042981.0,0.9932801127433777,Taking out imperial Japan benefitted china and  Korea more than us. So us joining ww2 is Korea or china first according to your logic ,comment,1ryezun,t1_obisgva
Lordlolipops,3,13,1774827240.0,0.9295278787612915, W poll. Gotta love those top 2 comments peaking about how  republicans don’t support it while the vast majority consistently are shown supporting it,comment,1s781uy,t3_1s781uy
RedBaronsBrother,4,0,1766538751.0,0.8173102736473083,"The aid that we give Israel is almost exclusively in the form of weapons, which they test, improve, and give us back the tech for.",comment,1pu7dvo,t1_nvn4ngf
RedBaronsBrother,4,0,1766550348.0,-0.9985114932060242,"Yep, IIRC the aid we give them is (for example) contingent on them not developing their own military aircraft.",comment,1pu7dvo,t1_nvnrtgq
RedBaronsBrother,4,1,1767068312.0,-0.961811900138855,"They're not establishing a proxy. They're recognizing Somaliland as an independent state in exactly the same way as Somalia recognized the Palestinian state as an independent state 2 months ago.

I wouldn't be at all surprised if Israel recognized Taiwan and Tibet next.",comment,1pz3u6p,t1_nwngxeq
RedBaronsBrother,4,1,1767068362.0,-0.9981275200843811,"&gt; The EU meddles in world affairs on others' soil far less than the US does, so what kind of an attitude is this?

Tell it to Romania.",comment,1pz3u6p,t1_nwo3rs9
RedBaronsBrother,4,2,1768147060.0,-0.9996160268783569,Israel: You tried that already and it went badly for you.,comment,1q9vsr3,t3_1q9vsr3
RedBaronsBrother,4,5,1769870935.0,-0.9919374585151672,"Not really. They just knew that the MSM was willing to believe anything it was told, so long as it made Israel out to be the bad guy.",comment,1qs2nrv,t1_o2skou3
RedBaronsBrother,4,5,1769874756.0,-0.9975882768630981,"On the first two points, absolutely.

The third is conjecture based on Islam viewing the US as a bigger threat, but Israel being more convenient to attack.

Of course, as the Muslim population in the US increases, that becomes progressively less true.",comment,1qs2nrv,t1_o2spexg
RedBaronsBrother,4,7,1771084906.0,0.5498965382575989,"She's a little behind the times. Now that the war is over, we know there was no genocide in Gaza.

Of course, people with common sense who were paying attention already knew that, but now it has been exposed for the masses.",comment,1r4lbwu,t3_1r4lbwu
RedBaronsBrother,4,8,1771803392.0,-0.9587995409965515,"It is land that Israel used to hold. What gives the people who took it more right to it than Israel, if Israel were to take it back?",comment,1rbx0x3,t1_o6un7h8
RedBaronsBrother,4,9,1771836936.0,-0.8984870910644531,"The Jews and Christians agree on that.

Muslims claim to worship the same God, but do not. One has only to look at what each religion requires of its followers to see that one of these things is not like the others.",comment,1rbx0x3,t1_o6wtqlo
RedBaronsBrother,4,9,1772294032.0,-0.7932775020599365,"They say it because the US is the primary thing standing in the way of the worldwide Caliphate.

The US has been fighting Islamic terrorists almost since it became a nation.",comment,1rgvqgp,t1_o7vkkye
RedBaronsBrother,4,9,1772308692.0,-0.9963428378105164,He may not be. Do goats count?,comment,1rh6ijz,t1_o7wzh9d
mr-nicktobi,5,0,1766883789.0,-0.9992743134498596,"Issue is that the US won’t take them seriously until it’s too late. Until they infiltrate every social media platform, every college, every high school, every TV show. 

Underestimating even your weakest enemy is a costly mistake, just ask Israel. ",comment,1pxa727,t1_nw9hs5c
mr-nicktobi,5,0,1766884839.0,0.5877865552902222,China is rearming Iran’s ballistic missile program as we speak ,comment,1pxa727,t1_nw9lruy
mr-nicktobi,5,1,1767480284.0,-0.9561067223548889,Really stark when put that way,comment,1q38eyk,t3_1q38eyk
mr-nicktobi,5,1,1767483985.0,-0.9935356378555298,He knows what he can and can’t do. Hes calculated in his bullshit,comment,1q38eyk,t1_nxiy5fi
mr-nicktobi,5,8,1771795738.0,-0.9692869782447815,"the current dominant religion in the ME has millions of people under subjugation. 
no uproar is made about that",comment,1rbx0x3,t3_1rbx0x3
mr-nicktobi,5,9,1772056119.0,-0.9880614280700684,Don’t underestimate your enemies. A relatively weak enemy can still inflict massive damage. ,comment,1rek7ur,t1_o7ejhdy
mr-nicktobi,5,9,1772325972.0,-0.9989000558853149,Islamists learnt the last few years that they can pretend 2-3 schools are bombed a day with no consequences or fact checking ,comment,1rhigxe,t3_1rhigxe
mr-nicktobi,5,9,1772409146.0,-0.988628625869751,Word salad. ,comment,1riba36,t1_o850hqo
mr-nicktobi,5,11,1773589235.0,-0.8232935667037964,"Families that terrorize together, stick together ",comment,1rug3j6,t3_1rug3j6
mr-nicktobi,5,11,1773592702.0,-0.9983335137367249,Will NYT issue a correction to their article justifying the terrorist attack? ,comment,1rug3j6,t3_1rug3j6
mr-nicktobi,5,12,1773800702.0,0.9998552799224854,Nice ,comment,1rwq12f,t3_1rwq12f
mr-nicktobi,5,14,1774838583.0,-0.9998037219047546,Reminder. Dumb opinions on Reddit do not accurately reflect reality. ,comment,1s781uy,t3_1s781uy
According-Activity87,6,0,1766941836.0,-0.9784561395645142,"Iran Warns 'Full-Scale War' Underway with U.S., Europe and Israel",post,1pxwj1h,
According-Activity87,6,1,1767057544.0,-0.9950777292251587,![gif](giphy|SvRuvlSEa67wNNHuHy),comment,1pz3u6p,t3_1pz3u6p
According-Activity87,6,5,1769859092.0,-0.750622034072876,US approves massive arms sales to Israel and Saudi Arabia for more than $15 billion amid Middle East tensions,post,1qs00ti,
According-Activity87,6,7,1770869098.0,-0.9946570992469788,"WH Religious Freedom commissioner axed after ranting against Israel, Candace Owens defense",post,1r2jfxs,
According-Activity87,6,9,1772345419.0,-0.9435513019561768,Iran sparks regional war after retaliating against US military assets over 'massive' US-Israel strike,post,1rhppl0,
According-Activity87,6,10,1772536582.0,-0.8749655485153198,Israel Commences Ground Invasion of Lebanon to Defend Citizens From Hezbollah Strikes,post,1rjmosn,
According-Activity87,6,10,1772680420.0,-0.9945113658905029,"![gif](giphy|c7f4S3u8XbYMo)

",comment,1rl61cn,t3_1rl61cn
According-Activity87,6,10,1772903888.0,-0.9795119762420654,‘Call Of Duty’ Creator Claims Activision Pushed To Create Game Featuring Invasion Of Israel By Iran,post,1rnfik4,
According-Activity87,6,11,1773267818.0,-0.8511603474617004,Hezbollah terrorists launch 100 rockets at Israel — overwhelming the Iron Dome,post,1rr8jqx,
According-Activity87,6,11,1773539100.0,-0.9909313917160034,"List of vessels attacked thus far and the flags they've flown. It seems they don't know how not to lie. 🙄

|Date|Ship|Country / Flag|
|:-|:-|:-|
|**1 Mar 2026**|Skylight|(Previously Palau-registered / deregistered)|
|**1 Mar 2026**|Hercules Star|Panama|
|**1 Mar 2026**|MKD Vyom|India|
|**1 Mar 2026**|Athe Nova|Panama|
|**2 Mar 2026**|Stena Imperative|United States|
|**3 Mar 2026**|Gold Oak|Panama|
|**3 Mar 2026**|Libra Trader|Liberia|
|**4 Mar 2026**|Safeen Prestige|United Arab Emirates|
|**4 Mar 2026**|MSC Grace|Panama|
|**5 Mar 2026**|Sonangol Namibe|Angola|
|**6 Mar 2026**|Mussafah 2|United Arab Emirates|
|**7 Mar 2026**|Louise P|Liberia|
|**10 Mar 2026**|Mayuree Naree|Thailand|
|**10 Mar 2026**|ONE Majesty|Japan / Marshall Islands registry|
|**10 Mar 2026**|Star Gwyneth|Marshall Islands|
|**10 Mar 2026**|Express Rome|Italy|
|**10 Mar 2026**|Source Blessing|Hong Kong|
|**12 Mar 2026**|Zefyros|Marshall Islands|
|**12 Mar 2026**|Safesea Vishnu|United States-linked operator|",comment,1ru1a29,t3_1ru1a29
According-Activity87,6,14,1774887584.0,-0.9983372688293457,Report: Israel Will Decline to Join any Ground Operations Americans Might Launch in Iran,post,1s7v8i1,
According-Activity87,6,14,1774931933.0,-0.9882615208625793,MS NOW Host Forced to Walk Back Lies About Israel Killing Iran Speaker,post,1s8doot,
renge-refurion,7,0,1766873947.0,-0.967221200466156,Good luck losers. May want to check your power and water levels first.,comment,1pxa727,t3_1pxa727
renge-refurion,7,0,1766948421.0,0.9995197057723999,"Between this and the 3d printed heart they rolled out this week, their contributions to the west continue to add up.",comment,1pxyj9q,t3_1pxyj9q
renge-refurion,7,2,1768138377.0,-0.9822295904159546,"Didn’t they learn their lesson? This regime is a joke, hopefully the protestors keep building momentum and drag these losers out of their safe rooms by their hair. If not, enjoy the air campaign.",comment,1q9vsr3,t3_1q9vsr3
renge-refurion,7,3,1768503953.0,-0.9962523579597473,Can’t wait for this regime to fall,comment,1qds8gg,t3_1qds8gg
renge-refurion,7,7,1771078882.0,-0.9997506737709045,Idiot. This woman being a “leader” in her party is all you need to know about the current state of democrats.,comment,1r4lbwu,t3_1r4lbwu
renge-refurion,7,9,1772291286.0,0.9974130988121033,War is messy but there has never been a better opportunity to reset this region. I don’t like war but support our action in this instance.,comment,1rh4mok,t3_1rh4mok
renge-refurion,7,9,1772321550.0,-0.9988154172897339,"I agree. The school seems highly likely to have been impacted by an irgc missile (but not confirmed). If we were involved that is a tragic mistake of epic proportions. I want to hear from centcom, certainly don’t believe the IRGC or any of the useful idiots that parrot their propaganda (which has always been a major part of irgc strategy).",comment,1rhhf05,t3_1rhhf05
renge-refurion,7,12,1773702048.0,-0.9969469904899597,"Not a surprise they’re literally pro terrorist, criminal and Iran.",comment,1rvnff9,t3_1rvnff9
renge-refurion,7,12,1773756415.0,0.9998235106468201,Mossad is unbelievably effective. ,comment,1rw3vyd,t3_1rw3vyd
renge-refurion,7,13,1774402517.0,-0.9981953501701355,When they stop letting literal terrorists be part of their government and occupy a large portion of their country this will stop happening. Feel bad for regular Lebanese but someone has to excise the tumor.,comment,1s2vy1p,t3_1s2vy1p
renge-refurion,7,14,1774896667.0,-0.9900193214416504, I prefer no ground troops for either. Hopefully this backs us up on putting any inside Iran. Special Ops excluded of course.,comment,1s7v8i1,t3_1s7v8i1
graypariah,8,9,1772323141.0,-0.5394277572631836,"Future for Iran and US Since we have committed as much as we have to a regime change in Iran, I am hoping that we at least use this as an opportunity to set up a strong friendship with the new regime we install. We could have a relationship with them like we have with Japan, only even more profitable. 

Some key things to consider about Iran in terms of it being beneficial to us as a strong ally.

1) It is positioned strategically. It is one of the most difficult regions in the world to invade much less hold which is why its borders have not really changed in five centuries. It borders both the Persian Gulf and the Gulf of Oman which are major shipping lanes. It could easily replace Israel as a preferred staging area for conflicts in the region.  
2) It is predominantly Shia. That means that while we will get some heat for allying with them (though not that much), we will get little to none for subjugating them as 90% of the Muslims in the world are Sunni and don't really get along with Shia Muslims.   
3) It is already pretty developed. Iran is not by any means a third world nation so the economic benefits of positive trade with us could catapult them to the top ten easily and act as a strong competitor for China. 

Changing the regime in Iran could usher in another golden age for us if we approach this with the right attitude. That is my opinion at least.",post,1rhi4b9,
graypariah,8,10,1772418582.0,-0.8691665530204773,"If you look at the financial contributions you can see why. They had people in theater but by and large they were in support roles. As I mentioned in another post, we spent forty times the combined contributions of all of the European allies in OIF. It was more a gesture on their part than anything, we have given more money to Ukraine than they gave to us. ",comment,1riba36,t1_o85hfbj
graypariah,8,11,1773235010.0,-0.9813224077224731,"As expected, there is no pressure on them to end the conflict quickly. One of the main reasons I was against this joint operation was because I didnt see a future where we were able to end it quickly without being accused of abandoning our ally. ",comment,1rqtdby,t3_1rqtdby
graypariah,8,13,1774550419.0,-0.9954238533973694,"Called it, figured from the beginning it was oil tanker related. Negotiating over the straight of hormuz is essentially the same as negotiating the end of the conflict, it is like their only card.",comment,1s4ci3x,t3_1s4ci3x
day25,9,0,1766904385.0,0.9770809412002563,Bush didn't attack Iran in fact he empowered them. Israel warned the US that Iraq was the wrong target but we didn't listen. Iran actually has a very large population that supports western values but they are oppressed. There is (and especially was) a sizeable group that remembers what it used to be like there. Compared to Iraq where the entire country is pretty much one anti-western radical group vs another.,comment,1pxa727,t1_nwad5fi
day25,9,5,1769964154.0,-0.9841701984405518,I guess you don't care about the Islamification of America and the west. Seems you are Israel First all you care about is if something hurts Israel then you support it even if it's also bad for America. That is not America First. There are plenty of Islamic countries that spread this toxic propaganda and destroy their own quality of life we don't need that here thanks.,comment,1qs2nrv,t1_o2w0w4c
day25,9,6,1770576373.0,-0.9991893172264099,Problem is the regime doesn't care about its own people so that's not a deterrent. Also their religious beliefs. Telling a sucide bmber that you will blow them up doesn't do anything.,comment,1qzd6o6,t1_o4ac6t2
day25,9,9,1772302539.0,-0.9992914199829102,"You don't get the good guys in there by doing nothing to the bad guys so I'm not sure what your point is.

I'm picturing a member of your family gets into medical school and you refuse to congratulate them ""you haven't become a doctor yet for all you know you've just wasted your time"".",comment,1rh6ijz,t1_o7wqti4
day25,9,10,1772667433.0,-0.9989450573921204,The existence of a token group is rather irrelevant. Soros worked with the Nazis so I guess that means they treated jews just fine right?,comment,1rkt7hm,t1_o8olguh
day25,9,10,1772687171.0,-0.994238018989563,"Weird I dont remember Russia, America, or anyone dropping leaflets to tell their enemy to evacuate before attacking an area. But yeah Israel is just really hungry for some dead kids right?

On the other hand we can see what Palis teach in their schools. Talk to their youth. Their hearts are filled with hate and desire for death and destruction that you accuse Israel of. Israeli youth and culture is the total opposite, in fact they are way too tolerant as I think many came to realize after Oct 7. People who took in Palis on their kibbutz to help them and be kind, people who were at a festival for peace... they got slaughtered in the most brutal way.",comment,1rkt7hm,t1_o8ozpfd
day25,9,11,1773416435.0,-0.9979590177536011,That's still not tolerance. Tolerance of intolerance leads to the disappearance of tolerance. The post-modernists including modern-day libertarians love to tell us how it's bad to stop the bad.,comment,1rscc0h,t1_oa8378q
day25,9,11,1773614314.0,-0.9985184073448181,"We didn't really fight them over there though either. It was so weak and pathetic, like fighting with both hands behind your back and apologizing whenever you deal a blow. We even called it the war on 'terror'... uh ok but who are the people doing it and what is their idealogy? We wouldn't even acknowledge the problem let alone fight it. Took 50 years to do anything about Iran, we just constantly let them chant death to America and terrorize everyone including their own people and face no consequences.

I mean look at Oct 7 Israel is attacked and they celebrate it, then cry victim when they lose the war they started and refuse to surrender. What kind of people can outright reject peace and say they want war and then be considered the victims? The west has no interest in fighting the barbarians most of the population here wants the west to lose to them in order to prove that our culture isn't superior and that their leftist postmodernist beliefs indoctrinated from childhood are correct. One man's terrorist is another man's freedom fighter! Except you know... some of us have a brain and realize that no actually to be a freedom fighter you actually need to be fighting for... wait for it... freedom",comment,1rug3j6,t1_oal205q
day25,9,12,1773988541.0,0.9305716156959534,They made such a good case even [Nick had to call them out](https://x.com/TheMagaHulk/status/2034621204602953961),comment,1ryezun,t1_obflxu6
day25,9,12,1774053131.0,-0.9850437641143799,"They were not two weeks away for 40 years. They got close a number of times, then were set back repeatedly with ops. What about this is hard for you to understand?

My source is what the Iranians themselves have said. There is literally no better source than this. Their actions prove their intentions. For the third time now you were unable to provide a benign explanation for their actions and insistence on enrichment.

Israel is allowed nukes because they are a civilized society not run by barbarians who chant 'death to America' like Iran, which is a religious death cult that even slaughters its own people. I hope this helps answer your questions!",comment,1ryezun,t1_objr42x
ITrCool,10,0,1766875473.0,0.9913128018379211,"![gif](giphy|likpk3Ek9ycFtade8)

Seeing that we massively reduced their enrichment capacity, we’ll see how that works out for them.",comment,1pxa727,t3_1pxa727
ITrCool,10,1,1767053012.0,0.9811844229698181,Exactly this. The Israel Prize is not some sort of title nobility or position of power or special financial grant. It’s merely an honor.,comment,1pz0npy,t1_nwmw9dg
ITrCool,10,2,1768138573.0,0.994495689868927,"Agreed. It’s different this time. Not like uprisings of the last. They’re bet backing down and they’re out in much bigger numbers nationwide. The regime’s cooked and it knows it. We’re witnessing the last final desperate breaths of a desperate and dying regime just like we saw in Romania, Russia (Yeltsin’s day), East Germany, etc. 

The end is near and Shia Islam has lost its grip on the people.",comment,1q9vsr3,t1_nyyrzus
ITrCool,10,5,1769867778.0,-0.993305504322052,![gif](giphy|ECCEjxHQb2Qo),comment,1qs2nrv,t3_1qs2nrv
ITrCool,10,7,1771079842.0,-0.9810560345649719,"Please, AOC. Keep making these gaffes. Turn off more moderate voters. 🍿",comment,1r4lbwu,t3_1r4lbwu
ITrCool,10,9,1771945732.0,-0.998695433139801,Carlson just keeps digging his conspiracy nutjob hole…..,comment,1rdg64h,t3_1rdg64h
ITrCool,10,9,1772280246.0,-0.998033344745636,"And here come all the “fellow conservatives” and bots. Like clockwork.

![gif](giphy|T24LmxpRLtCsBG3ihZ|downsized)

Why should any of us be surprised? I’m expecting mass downvotes to this truth in 3….2…..1……",comment,1rgvqgp,t3_1rgvqgp
ITrCool,10,10,1772721471.0,-0.9917235970497131,"I don’t blame Israel at all. Islam alone drives the IRGC’s radicalized stupidity and the attacks and threats they’ve conducted against us since 1979. 

We’re simply finishing this and pounding them back into reality. Allah isn’t going to and has failed to protect them.",comment,1rl61cn,t3_1rl61cn
ITrCool,10,12,1773797175.0,-0.9981818199157715,"""Noooooo. The Regime is strong. NO change will take place!! This is all a waste of time!!! Vast majority of Iranians support the regime!!"" - Every bot, actor account, and crap post all over Reddit, concerning this war.",comment,1rwq12f,t3_1rwq12f
ITrCool,10,13,1774550067.0,0.999309778213501,100% accurate. This is Iran and Islam we’re dealing with. ,comment,1s49j9l,t3_1s49j9l
StevenAdamsInDallas,11,9,1772407162.0,0.9868729114532471,"""We hate sending foreign aid!"" **\*Claps and cheers\*** ""But Mr.President, what about the foreign aid we send to our ally?"" ""Quiet! We don't talk about that! Look at my donors, beautiful people!"" **\*Cheers and applauses\***

What about those europoors, look at them, they can't even handle immigrants! Quick my ally, let's create more immigrants with never ending wars.

Can't write it better, considering you're vastly of European descent, lol. Ancestral lands, similar culture, same religions and we're not allies.

You're an embarrassment for causing the Islamic state then REJOICING the destruction of European values through migration, while crying about the same thing across the Atlantic.

Mods, the message is respectful, he's a big boy if he can wiggle his tail to the suffering of Europeans, he can handle it.",comment,1riba36,t1_o84vpez
Down-not-out,12,0,1766873710.0,-0.9797122478485107,"Iran declares ‘total war’ against US, Israel and Europe as Islamic Republic seeks to expand nuclear capabilities",post,1pxa727,
Down-not-out,12,1,1767048247.0,0.9992552399635315,Netanyahu to award Trump the 'Israel Prize' for his contributions to the Jewish people,post,1pz0npy,
Down-not-out,12,3,1768503231.0,-0.9975786805152893,Iran Killed as Many Civilians in 2 Weeks as Israel Did in 13 Months - Here's Why Those Leftist Protesters Are Nowhere to Be Found,post,1qds8gg,
Down-not-out,12,7,1770986657.0,-0.9869682192802429,France Urges Removal of U.N.'s Francesca Albanese After Calling Israel a 'Common Enemy',post,1r3o6vv,
Down-not-out,12,9,1771939533.0,-0.9957543611526489,"Fact check: Debunking Carlson’s claims on Israel - Claims on Netanyahu’s family, the USS “Liberty” and Christian populations in Qatar are contradicted by historical and official records.",post,1rdg64h,
Down-not-out,12,10,1772493813.0,-0.9779687523841858,"Citing 'serious safety risks,' U.S. State Department urges Americans to depart from Middle East nations including Israel",post,1rj8trw,
Down-not-out,12,11,1773235726.0,-0.9515765905380249,"Hezbollah, Iran unleash coordinated cluster bomb strikes on Israel in major escalation - National security expert warns from bomb shelter that synchronized attacks mark escalation in regional conflict",post,1rqtroz,
Down-not-out,12,12,1773945369.0,-0.9688197374343872,This Latest Post by President Trump Is a Slap in the Face to Those Who Say He Is Beholden to Israel,post,1ry8nv7,
BlackScienceManTyson,13,6,1770573648.0,-0.99930739402771,These morons need another lesson,comment,1qzd6o6,t3_1qzd6o6
BlackScienceManTyson,13,9,1772262109.0,-0.9992749094963074,Wakey wakey khomeini! You ran out of time!,comment,1rgvqgp,t3_1rgvqgp
Sure-Wishbone-4293,14,9,1772321052.0,-0.9800257682800293,"If he isn’t dead (I am sure he is) then produce signs of life. They won’t, he is awaiting justice, dead!",comment,1rh6ijz,t3_1rh6ijz
Sure-Wishbone-4293,14,11,1773593092.0,-0.9956700801849365,"So what, not surprised, CYA!",comment,1rug3j6,t3_1rug3j6
Sure-Wishbone-4293,14,13,1774417997.0,-0.5150182843208313,"Goodbye Hezbollah, don’t let the door hit you on the way out! 

Israel will occupy southern Lebanon up to the Litani River to create a ""defensive buffer,"" Defense Minister Israel Katz said on Tuesday, spelling out for the first time Israel's intent to seize territory amounting to nearly a tenth of Lebanon.",comment,1s2vy1p,t3_1s2vy1p
SharkSapphire,15,5,1769866903.0,-0.9855271577835083,"Gaza ‘doctor’ who slammed Israel in NY Times op-eds is Hamas colonel, seen in military uniform: watchdog, IDF",post,1qs2nrv,
SharkSapphire,15,8,1771420083.0,-0.9978312849998474,AOC accuses Israel of ‘genocide’ while in Germany — the home of the Holocaust: ‘Shocking ignorance’,post,1r82j2u,
SharkSapphire,15,9,1772283969.0,-0.9517590403556824,Historic US-Israel strikes on Iran underway as Tehran faces regime survival test,post,1rh26fu,
SharkSapphire,15,11,1773115315.0,0.9681801199913025,Mamdani hosts ànti-Israel activist Mahmoud Khalil and his family at Gracie Mansion for Ramadan,post,1rpmsi0,
SharkSapphire,15,12,1773754850.0,-0.9917405843734741,Israel Says It Has Killed Top Iranian Security Official Ali Larijani,post,1rw6udh,
SharkSapphire,15,13,1774532387.0,-0.9910852313041687,Iran says it fired missiles at USS Abraham Lincoln as Israel targets Tehran,post,1s47rde,
TheiaEos,16,3,1768508858.0,-0.9997087121009827,And the number of deaths in Gaza we had heard are being confirmed over and over now that are much less than what they had said! No one talks about it either. Number of women and children deaths is extremely low (and even the Jew hater UN is admitting to it),comment,1qds8gg,t3_1qds8gg
TheiaEos,16,3,1768778700.0,-0.9700261950492859,"Yes I live in the USA, it’s been less than a year though, so you got it right, I’m a foreigner, not an American. I also do have a language barrier sometimes depending on the text, if it’s very technical.

Thanks for the link! I’m gonna go read it now. I remember a female officer in the IDF also noticed weird movements in Gaza and her boss in the army brushed it off. I also remember after October 7th when they found out about it he was punished, likely fired. I don’t know why some people wouldn’t take it more seriously… it’s a pity that terrible massacre happened, and it could have been avoided!",comment,1qds8gg,t1_o0d3ymk
TheiaEos,16,9,1772312085.0,-0.9926226139068604,"Iranian doctors suggest 20-30k. 10k is just the number being released (it’s funny. When it’s Hamas numbers the media will just release whatever absurdity they say, when it’s Iran, they’ll be very conservative with numbers and only release “what’s confirmed”).",comment,1rh6ijz,t1_o7wf2sg
TheiaEos,16,10,1772651378.0,0.9992867112159729,"Not true. I can tell by your comment you’ve never been there and are basing your opinion on gossip. Take a trip, come back and then repeat that with honesty, I dare you. ",comment,1rkt7hm,t1_o8n4zo0
TheiaEos,16,13,1774543907.0,0.9943022727966309,Good luck trusting a dictatorial extremist Islamic state. ,comment,1s49j9l,t1_oclk2qs
mexicanred1,17,12,1773963821.0,0.999118983745575,"On another note, [Joe Kent with Tucker](https://youtu.be/1cbw1utqzHg?si=lc3KO-h-doDNDcGm) was an excellent &amp; relevant show.",comment,1ryezun,t3_1ryezun
Unlucky_Buyer_2707,18,1,1767102024.0,-0.9965523481369019,"Oh yeah because Israel definitely has battles against near peer foes…

The giant that is the US military doesn’t need data on blowing up some hamas building in the desert. We got a lot of that data already in the GWOT.",comment,1pz2p09,t1_nwq3pvt
Unlucky_Buyer_2707,18,8,1771796750.0,-0.9954022169113159,This guy has to go. This is the most insane shit I’ve heard from anyone in the administration. Religion as a cassus beli hasn’t been used in close to 200 years,comment,1rbx0x3,t3_1rbx0x3
Unlucky_Buyer_2707,18,9,1772314413.0,-0.9993993043899536,![gif](giphy|hXJ1MWMzY7Af32UIUD|downsized),comment,1rhdzu7,t3_1rhdzu7
Unlucky_Buyer_2707,18,12,1773706683.0,-0.999127209186554,I just can’t get over that username ,comment,1rvnff9,t1_oauf5pz
Unlucky_Buyer_2707,18,13,1774548840.0,0.9997270703315735,Color me surprised ,comment,1s49j9l,t3_1s49j9l
BH11B,19,1,1766986624.0,0.9950556755065918,Don’t forget about the sharks with lasers on their freaking heads too.,comment,1pxyj9q,t1_nwhpqqi
BH11B,19,10,1772460908.0,-0.9987735152244568,I wonder if that’s all she wrote for their careers after ejecting from an aircraft.,comment,1riqd3o,t1_o881l4e
BH11B,19,11,1773541971.0,0.9998461008071899,Laughs in big oil,comment,1ru1a29,t1_oai51do
BH11B,19,13,1774823212.0,0.9983940720558167,The GOP clearly has the support of its constituents in this war. I think it does. ,comment,1s781uy,t3_1s781uy
No_Bet_4427,20,0,1766538833.0,-0.9484226703643799,"How much aid to Israel is “aid,” and how much is really R&amp;D that makes Americans safer?

American missile defense tech is light years better than it was 10 years ago, precisely due to Israel serving as a beta test guinea pig.  

The F-35s, similarly, have been improved by Israeli enhancements.  

There’s a $1 trillion defense budget.  I don’t think it’s wrong to devote $3 billion of that to an allied country that will actually use American weapons, discover their weaknesses, and find ways to improve them.",comment,1pu7dvo,t1_nvn05ig
No_Bet_4427,20,1,1767048614.0,0.9889544248580933,"US Constitution Art. I, Section 9: “No Title of Nobility shall be granted by the United States: And no Person holding any Office of Profit or Trust under them, shall, without the Consent of the Congress, accept of any present, Emolument, Office, or Title, of any kind whatever, from any King, Prince, or foreign State.”

While the gesture is certainly appreciated and well-earned, I would hope that Trump has the good sense to decline - just as Obama should have declined his Nobel Peace Prize.",comment,1pz0npy,t3_1pz0npy
No_Bet_4427,20,9,1771941333.0,-0.9913160800933838,"In addition to being the leading Jew-hater in the United States, Carlson is a threat to the Republican Party.

If JD Vance wants to preserve any chance for himself in 2028, he’s got to denounce Carlson.",comment,1rdg64h,t3_1rdg64h
No_Bet_4427,20,9,1772327975.0,-0.9963821172714233,"They just helped us decapitate a regime that began by taking American hostages and has the blood of thousands of Americans on its hands. 

I don’t care if you are rabid-at-the-mouth with hating Israel.  Can’t you recognize that sometimes America’s and Israel’s interests align - and that’s why they are allies that have each others backs?",comment,1rhjic5,t1_o7z4o3k
No_Bet_4427,20,12,1773838147.0,0.9975641965866089,"Gen. George F. Keegan in the 1980s: “Mossad is worth five CIAs.”

And I think Mossad is even better now.",comment,1rwq12f,t1_ob1n8gm
ergzay,21,5,1769906746.0,-0.9833811521530151,"Come on man. Two things can be wrong at the same time.

So you think criticism of Hamas is defending Israel? Get a life.",comment,1qs2nrv,t1_o2sib87
ergzay,21,10,1772658383.0,0.9970476031303406,"They aren't though? Palestinians that are actually the main part of Israel (commonly called Israeli Arabs) have full rights and potential to gain power as any Jewish Israeli.

There is no second lower class like there was in South Africa.",comment,1rkt7hm,t1_o8n2u34
ergzay,21,11,1773583776.0,0.9934095144271851,Well that's fine for us. We don't buy oil from that area anyway.,comment,1ru1a29,t3_1ru1a29
One_Butterscotch8981,22,11,1773384873.0,-0.9144629240036011,No if his family was killed in an Israeli strike then it's rage and grief. Not excusing it just contextualizing it,comment,1rscc0h,t1_oa62jcd
One_Butterscotch8981,22,13,1774546547.0,0.6074801087379456,"Yes they did, they have repeatedly said only Israel or US flagged ships won't be allowed but who knows what's happening. ",comment,1s4ci3x,t1_ocm4srp
Blahblahnownow,23,5,1769876548.0,-0.9508463740348816,“I couldn’t care less” *,comment,1qs2nrv,t1_o2sjbo5
Blahblahnownow,23,6,1770569634.0,0.9998551607131958,Exemplary human being. So encouraging for the future of humanity  ,comment,1qzd6o6,t3_1qzd6o6
Blahblahnownow,23,9,1772249052.0,0.9976054430007935,"There are Iranian Americans, visiting family. ",comment,1rg7qzx,t1_o7roamg
Blahblahnownow,23,12,1773755221.0,-0.9883304834365845,Trump told them to stay home and wait. They are getting organized. Pahlavi is creating a transitional committee for justice regulations already. It takes time ,comment,1rw3vyd,t1_oaxf27n
Blahblahnownow,23,14,1774903601.0,-0.9158551096916199,As US just increased the enlistment age from 35 to 43,comment,1s7v8i1,t3_1s7v8i1
beamerbeliever,24,2,1768157031.0,-0.9983705878257751,Seen those before; I wasn't impressed. ,comment,1q9vsr3,t3_1q9vsr3
beamerbeliever,24,9,1771811659.0,0.5179370045661926,"I'm a Christian and a zionist in that i believe the Jews deserve a homeland for their protection, given their severe history of persecution, and that Israel existing since 1948 should persist in its existence.  That being said, ""Christian Zionism"" is a gross heresy.  The church is grafted on as Israel, and Jews aren't entitled to the blessings as long as they reject the Messiah.",comment,1rbx0x3,t3_1rbx0x3
beamerbeliever,24,9,1772290753.0,0.9990812540054321,"I always love when people say this is all Israel's conflict, when several Arab countries have been attacked by Iranian proxies and support the fall of the regime. ",comment,1rh4mok,t3_1rh4mok
DownrightCaterpillar,25,1,1767058190.0,-0.996638298034668,Israel is establishing a proxy in Africa and we should follow? Why?,comment,1pz3u6p,t3_1pz3u6p
DownrightCaterpillar,25,8,1771809179.0,-0.9682202339172363,"&gt; Tucker was pushing for Kuckabee to be consistent. He says Israel has biblical right to their land.l, but the biblical land is far more vast.


The ""Biblical land"" allotted to Israel, which is where they're staking their claims, includes the rest of the Middle East? You can find the answer to this question in Numbers 34.",comment,1rbx0x3,t1_o6us13z
DownrightCaterpillar,25,9,1772296032.0,0.8464133739471436,Can't wait for Pahlavi to be flown in right?,comment,1rh6ijz,t1_o7wf2sg
highlightway,26,0,1766552263.0,-0.9987457990646362,"The thing is there isn't any actual ideological or policy disagreement that's causing the rift. First, Kelly said she and Shapiro were ""on the same page"" when it came to Israel. And Shapiro was only talking about Carlson in the context of his interviews, nothing about Carlson's personal views. Even Bannon was largely just talking about personal loyalty. It's just personal conflict.",comment,1pu7dvo,t3_1pu7dvo
highlightway,26,9,1771814260.0,-0.9979462027549744,"He clearly said it would be wrong for them to do that, he's suggesting if it was empty or something, as Carlson forced him into that hypothetical.",comment,1rbx0x3,t1_o6u9ufr
highlightway,26,10,1772484729.0,-0.9944143295288086,"It's just friendly fire, it happens all the time, and we've done it to other countries. Just another sad reality of war.",comment,1riqd3o,t1_o88i7xi
highlightway,26,10,1772653252.0,-0.9883699417114258,"Yeah, and you can find clips of people in the US discriminating against black people.",comment,1rkt7hm,t1_o8nbhvp
highlightway,26,12,1773782158.0,-0.9990648627281189,This guy literally blamed Israel for our involvement in Syria. I don't think he's exactly thinking straight.,comment,1rwb0ag,t1_oayunnr
highlightway,26,13,1774562294.0,-0.9975818395614624,"There's good reason to suspect he's actually a liberal troll, and has overplayed his hand sometimes.",comment,1s4ci3x,t1_ocm73ff
Ghostfistkilla,27,3,1768515685.0,-0.9522731900215149,"It pretty much confirms that most of the ""lefties"" on this platform are bots with an agenda, and Iran isn't on their list.",comment,1qds8gg,t3_1qds8gg
Ghostfistkilla,27,6,1770586957.0,-0.9984686970710754,Sounds like a typical redditor to me.,comment,1qzd6o6,t3_1qzd6o6
Ghostfistkilla,27,9,1772273833.0,-0.7963738441467285,Straight up Mt. Rushmore type of leader if that happens Holy shit.,comment,1rgwj8s,t1_o7utzrz
TheOnlyEliteOne,28,7,1771113441.0,0.9998503923416138,Perfect candidate for president.,comment,1r4lbwu,t1_o5dbrfa
TheOnlyEliteOne,28,9,1772262978.0,-0.918867290019989,According to the AP’s “anonymous source” we are also participating in these strikes.,comment,1rgw0pe,t3_1rgw0pe
TheOnlyEliteOne,28,13,1774830190.0,0.9915362596511841,"Just in time, I thought the “you must mindlessly follow Trump or you’re not a real conservative” crowd would never show up.

Something…something…”4D chess”…got it.",comment,1s781uy,t1_od7ofya
reddit_names,29,9,1772047018.0,0.9961479902267456,They are reusable and can be moved easily ,comment,1rek7ur,t1_o7dbjzu
reddit_names,29,11,1773587795.0,0.9998525381088257,"This hasn't even been going on for ""weeks"" and we are definitely winning.",comment,1ru1a29,t1_oai9kam
reddit_names,29,13,1774400554.0,-0.997765064239502,If countries stopped attacking Israel maybe they'd stop losing land to them when they lose the wars they start. ,comment,1s2vy1p,t3_1s2vy1p
BadCompany090909,30,12,1773988573.0,-0.9924553632736206,"You know Trumps been advocating for 30 years about how important it is to NOT go to war with Iran, right? Talked about how Bush should be impeached for going to war with Iraq on false pretences, right? 

I’m sure his sudden change in stance has *nothing* to do with the hundreds of millions in campaign donations from Israeli billionaires! ",comment,1ryezun,t1_obfs587
No-Business9493,31,5,1769868814.0,-0.9939538836479187,Oh are we defending Israel now? 🙄,comment,1qs2nrv,t3_1qs2nrv
LowkeyShtuyot,32,0,1766952041.0,0.9950459003448486,"Completely changes the economy of warfare here. Groups like Hamas and Hezbollah were able to launch pissant rockets that required an iron dome interception missile (40-50k a piece) to neutralize. This will operate against those sorts of rockets (and drones) for the cost of the electricity to use the beam. 

Simply amazing counter. Granted it doesn’t help for atmospheric missiles from Iran for instance.",comment,1pxyj9q,t3_1pxyj9q
LowkeyShtuyot,32,2,1768135798.0,-0.999477207660675,Giving Israel a reason to resume sorties over Tehran with no air defense seems like a bad idea. Especially if you’re dealing with massive protests inside your country.,comment,1q9vsr3,t3_1q9vsr3
Strider76239,33,1,1767099712.0,0.9997705817222595,What benefits,comment,1pz2p09,t1_nwoqzer
Simple-Appeal-1252,34,1,1767055617.0,0.9998258948326111,Thank you Mr President for being such a good friend to them,comment,1pz0npy,t3_1pz0npy
OutlandishnessMain56,35,9,1772280413.0,-0.999652624130249,Why is it our problem?? I’m sorry but they don’t deserve it at the cost of American life this was a dumb move all around.,comment,1rgvqgp,t1_o7ud5dy
North_Moment5811,36,7,1771089873.0,-0.9997895359992981,She's not their brightest.,comment,1r4lbwu,t3_1r4lbwu
North_Moment5811,36,9,1772295604.0,-0.9990713596343994,"The guy who had 10,000 of his own citizens murdered for protesting. 

Having a hard time feeling bad. ",comment,1rh6ijz,t3_1rh6ijz
D_Ethan_Bones,37,1,1767059151.0,-0.9957389831542969,"Imagine the world groups you together with the world's most helpless man.

But then you declare to the world, ""I have nothing to do with that guy, judge ME for ME!""

But the world's most helpless man refuses to accept that, and runs around telling everyone that you and him are still together.

This is Somalia. Breaking off with them and cutting them out is just like telling a bum he can't move into your restaurant's alley where your restaurant receives its food to cook and sell.",comment,1pz3u6p,t3_1pz3u6p
D_Ethan_Bones,37,6,1770576372.0,-0.9941518902778625,"America elects a Democrat and gives a country to the enemy giftwrapped with a bow, enemies get delusions they can go toe to toe with us. Republican gets back into Commander in Chief position.

Saddam Hussein hired the pickup trucks with the machine guns thinking they were a special trick against Americans. Bill Clinton was in office when that worked.

The tricks that worked with Jimmy Carter did not work with Ronald Reagan, etc etc etc.

[https://en.wikipedia.org/wiki/1980\_United\_States\_presidential\_election](https://en.wikipedia.org/wiki/1980_United_States_presidential_election) (map)  
[https://en.wikipedia.org/wiki/1984\_United\_States\_presidential\_election](https://en.wikipedia.org/wiki/1984_United_States_presidential_election) (map)",comment,1qzd6o6,t3_1qzd6o6
D_Ethan_Bones,37,9,1772299367.0,-0.9990265369415283,"My feeling is more like ""wait, already?""

On the other hand, I repeatedly pointed out that *a fraction of what's in our destroyers* could put them out of business. These things could do catastrophic damage to a WWII battleship while the battleship is feeling its way around trying to find its range.",comment,1rh6ijz,t1_o7wf2sg
D_Ethan_Bones,37,13,1774400854.0,0.63041752576828,"&gt;Lebanese armed terrorist group Hezbollah said it would fight to prevent Israeli troops from occupying southern Lebanon, calling such a move an ""existential threat"" to the Lebanese state.

The more Hezbollah represents Lebanese interests, the more endangered Lebanese interests are.

The fact people are now convincing themselves they can fight F-35s toe to toe - not just sneak under them but *fight them* \- is a path that leads to more occupied territory.

&gt;Under international law

Stop asking for things in anon mode, ""The International Community"" is not an entity it's just a mask for entities who won't name themselves.

",comment,1s2vy1p,t3_1s2vy1p
prey4villains,38,9,1772295947.0,-0.9882090091705322,Don’t think this has been verified. Seeing on X that he is expected to speak soon.,comment,1rh6ijz,t3_1rh6ijz
cofcof420,39,0,1766588019.0,0.8111332058906555,What folks don’t grasp is that a strong Israel keeps the Middle East from war which preserves oil prices and global stability - both critical U.S. interests.  This policy was put in place after the 1970 &amp; 1980s Arab oil embargoes.,comment,1pu7dvo,t3_1pu7dvo
cofcof420,39,3,1768503886.0,-0.9921351671218872,"The U.S. protestors were supported and funded by China and communist linked and sympathetic organizations.  They were a great recruitment tool.  

Iran is aligned with the Chinese communist party so of course none of those organizations will coordinate to say a word",comment,1qds8gg,t3_1qds8gg
cofcof420,39,7,1771088732.0,-0.9996932744979858,"I’d say she’s an idiot, though, I believe she’s just evil",comment,1r4lbwu,t3_1r4lbwu
cofcof420,39,9,1772287715.0,0.9970859885215759,Godspeed to our arms forces for a swift end to the Islamic regime,comment,1rgw0pe,t3_1rgw0pe
MakeGodGreatAgain,40,2,1768130195.0,-0.9992318153381348,Sounds like another president needs to be taught a lesson.,comment,1q9vsr3,t3_1q9vsr3
MakeGodGreatAgain,40,9,1772410428.0,-0.9503157138824463,"They sent troops, but those troops stayed back off the front lines. We never needed them there.",comment,1riba36,t1_o84zapm
BrandonSports,41,0,1766554354.0,-0.9978759288787842,Unfortunately many in our base can’t see the forest for the trees,comment,1pu7dvo,t1_nvnrtgq
BrandonSports,41,10,1772420746.0,-0.9975749850273132,"Israeli intelligence said to leave Iraq alone 

USS Liberty? Okay yeah you’re broken brained",comment,1riba36,t1_o84tng8
Robo2173,42,10,1772650517.0,0.9997805953025818,Yes,comment,1rkt7hm,t1_o8n2u34
Robo2173,42,12,1773722323.0,0.6288846731185913,Don't forget the money going to their healthcare and education. Love that we can send trillions out for them to have healthcare for every Israeli and free education. All while our children are in 80 year old buildings reading outdated books. I'm sure their sons and daughters are willing to die for these forever wars....,comment,1rvnff9,t1_oav40ii
greatvinedrake,43,0,1766883377.0,0.9846665859222412,thegangs. of atlanta can take out the Iranian regime. dont forget that,comment,1pxa727,t1_nw9q9rz
greatvinedrake,43,3,1768520964.0,-0.9986936450004578,how i sleep knowing people arent like this and its all foreign bots,comment,1qds8gg,t1_nzt9bps
greatvinedrake,43,10,1772657119.0,-0.9359220862388611,"Only boomer conservatives disagree with him

on the other hand we GenZ are with Newsom on this ",comment,1rkt7hm,t1_o8ngris
greatvinedrake,43,11,1773622645.0,0.8564938902854919,"yup totally this was the year out of the last 30 years where they developed nuclear weapons 

america last war ",comment,1rug3j6,t1_oalhjf3
Merax75,44,7,1771145259.0,-0.9996708631515503,That woman is so stupid,comment,1r4lbwu,t3_1r4lbwu
Merax75,44,9,1772362875.0,-0.9978618025779724,"Same old story as anything to do with Hamas, just claim that a school or hospital were bombed, Left wing media will take it and run with it.",comment,1rhigxe,t1_o7z1z67
Merax75,44,12,1773716789.0,0.5826740264892578,I feel with the radical far Left (by which I mean most of the Left including our lurking friends) taking up the Palestinian cause and aligning themselves with Hamas that the Left has been on the antisemitism train for a while now.  Maybe this war is changing the minds of the remaining center of the road leftists (both of them) but I doubt it.  Anyone can see that Iran being forced to turn away from state sponsored terrorism and nuclear war is a good thing.,comment,1rvnff9,t3_1rvnff9
1000IQGenius,45,8,1771795992.0,-0.985031247138977,"Careful

This sub is literally a Mossad asset",comment,1rbx0x3,t1_o6u9awt
nithrean,46,5,1769869632.0,0.9996684789657593,amazing how that seems to so often be the case. Hamas figured out how to play the media game well.,comment,1qs2nrv,t3_1qs2nrv
nithrean,46,6,1770583827.0,-0.9956086277961731,"every time their PR team tries to tell them to just shut up and stay away from cameras, one sneaks out (or more).",comment,1qzd6o6,t1_o4aezhy
nithrean,46,9,1772226147.0,0.966249942779541,sometimes I really do wonder this. We hear stories of citizens needing evac when life goes crazy and I find myself wondering why they were there in the first place.,comment,1rg7qzx,t1_o7q3vzq
Toni-Roni,47,12,1773749298.0,-0.9995928406715393,Brainwashed Chud,comment,1rvnff9,t1_oau29x4
Apprehensive_Home963,48,0,1766546997.0,-0.9877034425735474,"The US does not ""give them free education and healthcare"" it does however give Israel a discount on Military purchase such as Planes, missile ect ect and basically locks them into only buying vastly majority American weapons long term,  which means more US jobs secured and taxing the profiets from the defence industry. 

Additional it does cover a lot of RnD which the US benifits from such a trophy aps found on Abrams tanks to name a example",comment,1pu7dvo,t1_nvn05ig
Apprehensive_Home963,48,9,1772385711.0,-0.9386822581291199,In 2010 when i became aware of politics i thought this day would almost never come. If it is indeed true Thank God this stain on humanity as been caste away from this Earth.,comment,1ri2ua3,t3_1ri2ua3
old---,49,0,1766879238.0,0.9817696213722229,Iran is Double Dog Daring the other kids on the playground.,comment,1pxa727,t3_1pxa727
old---,49,1,1767503060.0,-0.8561240434646606,"Normally I would not give this a second thought.  
But these are not normal times.  
It is a very real possibility that a New York jury refuses to find Maduro guilty.  They are not going to vote to convict one of their own.",comment,1q38eyk,t3_1q38eyk
old---,49,10,1772417876.0,-0.9986066222190857,"Could we get him buried in Israel?   
I think it would suit him.",comment,1ri2ua3,t3_1ri2ua3
old---,49,11,1773189429.0,0.9994194507598877,"Offering a suggestion.  
Copy what Col. Halvorsen did after WWII.  
After WWII during Operation Vittles Halvorsen started to drop candy from his plane for the children in Germany.   
This act went on to create a tremendous amount of goodwill between the children of Germany and the USA.    
Consider the ways to start dropping candy from parachutes over areas of Iran.  
Start developing good will with the future of Iran.  

Sure keep hitting the IRGC.   
But, think about your future.",comment,1rqeowl,t3_1rqeowl
old---,49,12,1773769524.0,-0.9291693568229675,"The good news is he was in office for over 72 hours.  
So he was vested in the pension.",comment,1rw3vyd,t3_1rw3vyd
old---,49,12,1773797238.0,-0.999750554561615,Iran's HR department can't keep up.,comment,1rwq12f,t3_1rwq12f
